{
    "manifestVersion": 5,
    "id": "DWFiv3.DTBirdtown",
    "name": "DWFiv3's Dual Track Compatibility Mod for Birdtown 3.0",
    "version": "1.0.6",
    "requires": [
        {
            "id": "DWFiv3.DualTracks"
        },
        {
            "id": "REX.BBL"
        },
        {
            "id": "REX.TGM"
        },
        {
            "id": "REX.BBLWYE"
        },
        {
            "id": "REX.BBLYARD"
        }
    ],
    "loadAfter": [
        {
            "id": "DWFiv3.DualTracks"
        },
        {
            "id": "REX.BBL"
        },
        {
            "id": "REX.TGM"
        },
        {
            "id": "REX.BBLWYE"
        },
        {
            "id": "REX.BBLYARD"
        }
    ],
    "conflictsWith": [
        {
            "id": "JSALAAMI.GOLDMINE"
        },
        {
            "id": "REX.birdtownbranchline"
        }
    ],
    "mixintos": {
        "game-graph": [
            "file(DW5Birdtown.json)"           
        ]
    }
}
