{
  "tracks": {
    "nodes": {
      "NDWFiv3BT3.0_q4zk": {
        "position": { "x": 8778.227, "y": 545.4162, "z": 7546.89648 },
        "rotation": { "x": 0.23405309, "y": 47.8261147, "z": 0.128079876 },
        "flipSwitchStand": false
      },
      "NBTGOLD_vi65": {
        "position": { "x": 8716.958, "y": 546.249939, "z": 7440.694 },
        "rotation": { "x": 0.572995245, "y": 28.6370068, "z": -2.66817626E-08 },
        "flipSwitchStand": false
      },
      "NCustom_6jgz": {
        "position": { "x": 9722.704, "y": 546.64, "z": 7336.20361 },
        "rotation": { "x": 0.0, "y": 139.0, "z": 0.0 },
        "flipSwitchStand": true
      },
      "NBBLYARD_6jgz": {
        "position": { "x": 9720.439, "y": 546.64, "z": 7334.235 },
        "rotation": { "x": 0.0, "y": 137.0, "z": 0.0 },
        "flipSwitchStand": true
      },
      "NBBLYARD_vov7": {
        "position": { "x": 9552.407, "y": 546.49, "z": 7466.39453 },
        "rotation": { "x": 1.192093E-07, "y": 121.000023, "z": 2.66844857E-08 },
        "flipSwitchStand": true
      },
      "NBBLYARD_kiz5": {
        "position": { "x": 9762.71, "y": 547.4303, "z": 7269.35 },
        "rotation": { "x": 359.86, "y": 147.5, "z": 3.33506334E-09 },
        "flipSwitchStand": true
      },
      "NBBLYARD_g6ba": {
        "position": { "x": 9782.33, "y": 547.4303, "z": 7238.14 },
        "rotation": { "x": 359.86, "y": 147.9, "z": -6.67012667E-09 },
        "flipSwitchStand": true
      },
      "NBBLYARD_0iw1": {
        "position": { "x": 9812.9, "y": 547.4303, "z": 7208.33 },
        "rotation": { "x": 359.86, "y": 135.0, "z": 6.67012667E-09 },
        "flipSwitchStand": true
      },
      "NBBLYARD_ggpr": {
        "position": { "x": 9817.6, "y": 547.4303, "z": 7197.14 },
        "rotation": { "x": 359.86, "y": 135.0, "z": 6.67012667E-09 },
        "flipSwitchStand": false
      },
      "NBBLYARD_5dx5": {
        "position": { "x": 9795.77, "y": 547.4303, "z": 7216.73 },
        "rotation": { "x": 359.86, "y": 147.9, "z": -6.67012667E-09 },
        "flipSwitchStand": true
      },
      "NBBLYARD_gue9": {
        "position": { "x": 9825.56, "y": 547.4303, "z": 7182.67 },
        "rotation": { "x": 359.86, "y": 135.0, "z": 6.67012667E-09 },
        "flipSwitchStand": false
      },
      "NBBLYARD_fnb2": {
        "position": { "x": 9829.41, "y": 547.4303, "z": 7172.16 },
        "rotation": { "x": 359.86, "y": 135.0, "z": 6.67012667E-09 },
        "flipSwitchStand": false
      },
      "S_NB_BIRD_BRANCH_N225": {
        "position": { "x": 9759.755, "y": 547.379639, "z": 7209.04 },
        "rotation": { "x": 359.77, "y": 153.689987, "z": 1.33403217E-08 },
        "flipSwitchStand": true
      },
      "S_NB_BIRD_BRANCH_N227": {
        "position": { "x": 9777.23, "y": 547.69, "z": 7170.39 },
        "rotation": { "x": 359.77, "y": 145.99, "z": 0.0 },
        "flipSwitchStand": true
      },
      "S_NB_BIRD_BRANCH_N226": {
        "position": { "x": 9781.37, "y": 547.69, "z": 7173.19 },
        "rotation": { "x": 359.77, "y": 145.99, "z": 0.0 },
        "flipSwitchStand": false
      },
      "S_NB_BIRD_BRANCH_N229": {
        "position": { "x": 9809.01, "y": 547.86, "z": 7141.16 },
        "rotation": { "x": 359.77, "y": 145.99, "z": 0.0 },
        "flipSwitchStand": true
      },
      "S_NB_BIRD_BRANCH_N228": {
        "position": { "x": 9796.58, "y": 547.86, "z": 7132.77 },
        "rotation": { "x": 359.77, "y": 145.99, "z": 0.0 },
        "flipSwitchStand": true
      },
      "DW5DualTrx_N_5n5t": {
        "position": { "x": 9869.585, "y": 547.967651, "z": 7111.99268 },
        "rotation": { "x": -0.00334663014, "y": 132.130859, "z": 0.00048944325 },
        "flipSwitchStand": true
      },
      "NDWTrack_hjzo": {
        "position": { "x": 9864.397, "y": 547.967651, "z": 7106.42139 },
        "rotation": { "x": -0.00334663014, "y": 133.130859, "z": 0.00048944325 },
        "flipSwitchStand": true
      },
      "DW5DualTrx_N_fmpx": {
        "position": { "x": 9964.781, "y": 547.9669, "z": 7025.748 },
        "rotation": { "x": -0.003346632, "y": 134.130859, "z": 0.0004894436 },
        "flipSwitchStand": false
      },
      "DW5DualTrx_N_hiuf": {
        "position": { "x": 9958.4, "y": 547.9669, "z": 7018.983 },
        "rotation": { "x": -0.00334663014, "y": 133.130859, "z": 0.00048944325 },
        "flipSwitchStand": false
      },
      "Ntyef": {
        "position": { "x": 10091.5645, "y": 548.22644, "z": 6893.85352 },
        "rotation": { "x": 359.8566, "y": 137.0, "z": 2.668051E-08 },
        "flipSwitchStand": true
      },
      "NDWTrack_jmf4": {
        "position": { "x": 10077.6514, "y": 548.1914, "z": 6898.7876 },
        "rotation": { "x": 359.8566, "y": 136.0, "z": 3.0015574E-08 },
        "flipSwitchStand": false
      },
      "W5DualTrxN_whwx": {
        "position": { "x": 9485.535, "y": 546.64, "z": 7442.788 },
        "rotation": { "x": 0.0, "y": 110.999985, "z": 0.0 },
        "flipSwitchStand": true
      },
      "NDWFiv3BT3.0_8nt5": {
        "position": { "x": 9138.419, "y": 545.54, "z": 7576.0835 },
        "rotation": { "x": 0.0, "y": 290.9978, "z": 0.0 },
        "flipSwitchStand": false
      }
    },
    "segments": {
      "S3ncn": {
        "style": "Standard",
        "trackClass": "Mainline",
        "startId": "Ntmja",
        "endId": "NDWFiv3BT3.0_8nt5",
        "priority": -1,
        "speedLimit": 0,
        "groupId": ""
      },
      "DW5DualTrx_S_pjyb": null,
      "SDWFiv3BT3.0_dwht": {
        "style": "Standard",
        "trackClass": "Branch",
        "startId": "DW5DualTrx_N_u4p9",
        "endId": "NDWFiv3BT3.0_q4zk",
        "priority": 0,
        "speedLimit": 0,
        "groupId": "ela-bridge"
      },
      "SDWFiv3BT3.0_hbs6": {
        "style": "Standard",
        "trackClass": "Branch",
        "startId": "NDWFiv3BT3.0_q4zk",
        "endId": "DW5DualTrx_N_k1hk",
        "priority": 0,
        "speedLimit": 0,
        "groupId": "ela-bridge"
      },
      "SBTGOLD_aonn": null,
      "SBTGOLD_9xux": null,
      "SBTGOLD_v4cb": null,
      "SDWFiv3BT3.0_643y": {
        "style": "Standard",
        "trackClass": "Branch",
        "startId": "NBTGOLD_vi65",
        "endId": "DW5DualTrx_N_k1hk",
        "priority": 0,
        "speedLimit": 0,
        "groupId": ""
      },
      "DW5DualTrx_S_yjd2": {
        "style": "Standard",
        "trackClass": "Branch",
        "startId": "DW5DualTrx_N_cp50",
        "endId": "DW5DualTrx_N_u4p9",
        "priority": 0,
        "speedLimit": 0,
        "groupId": "ela-bridge"
      },
      "Nt00_to_Bird_Branch_N225": null,
      "SDWFiv3BT3.0_2gfz": {
        "style": "Standard",
        "trackClass": "Branch",
        "startId": "S_NB_BIRD_BRANCH_N225",
        "endId": "NDWTrack_4ru4",
        "priority": 0,
        "speedLimit": 0,
        "groupId": ""
      },
      "DW5DualTrx_S_q2rq": null,
      "SDWFiv3BT3.0_t5ho": {
        "style": "Standard",
        "trackClass": "Branch",
        "startId": "Nootp",
        "endId": "NDWFiv3BT3.0_8nt5",
        "priority": 0,
        "speedLimit": 0,
        "groupId": ""
      },
      "SDWFiv3BT3.0_3g7g": {
        "style": "Standard",
        "trackClass": "Branch",
        "startId": "NDWFiv3BT3.0_8nt5",
        "endId": "DW5DualTrx_N_72vr",
        "priority": 0,
        "speedLimit": 0,
        "groupId": ""
      }
    },
    "spans": {}
  },
  "splineys": {}
}