{
    "manifestVersion": 5,
    "id": "DWFiv3.DTFasterConnelly",
    "name": "DWFiv3's Dual Track Compatibility Mod for Faster Connelly",
    "version": "1.0.0",
    "requires": [
        {
            "id": "DWFiv3.DualTracks"
        },
        {
            "id": "pinkduck.FasterConnelly"
        }
    ],
    "loadAfter": [
        {
            "id": "DWFiv3.DualTracks"
        },
        {
            "id": "pinkduck.FasterConnelly"
        },
        {
            "id": "DWFiv3.WhittierSawMill"
        }
    ],
    "mixintos": {
        "game-graph": [
            "file(FasterConnelly.json)"             
        ]
    }
}


