{
  "tracks": {
    "nodes": {
      "NDW5SMR1_y5vs": {
        "position": { "x": 12090.8965, "y": 562.002869, "z": 5542.78174 },
        "rotation": { "x": 359.08252, "y": 301.27887, "z": 359.93222 },
        "flipSwitchStand": true
      },
      "NDW5SMR1_8jiw": {
        "position": { "x": 12115.4609, "y": 561.4771, "z": 5519.5415 },
        "rotation": { "x": 359.166534, "y": 322.527222, "z": 359.773041 },
        "flipSwitchStand": false
      }
    },
    "segments": {
      "Sed8": null,
      "Spx4": null,
      "S3sz": null,
      "SDW5SMR1_n5ha": null,
      "SDW5SMR1_bun0": null,
      "W5DualTrxS_43w6": {
        "style": "Standard",
        "trackClass": "Branch",
        "startId": "Njet",
        "endId": "NDW5SMR1_y5vs",
        "priority": 1,
        "speedLimit": 0,
        "groupId": ""
      }
    },
    "spans": {}
  },
  "splineys": {}
}