{
    "manifestVersion": 5,
    "id": "DWFiv3.AMM_WhittierYard",
    "name": "DWFiv3's Saw Mill Compatability with AMM Whittier Yard",
    "version": "1.1.5",
    "requires": [
        {
            "id": "DWFiv3.WhittierSawMill"
        },
        {
            "id": "AlinaNova21.AMM_WhittierYard"
        }
    ],
    "loadAfter": [
        {
            "id": "DWFiv3.WhittierSawMill"
        },
        {
            "id": "AlinaNova21.AMM_WhittierYard"
        }
    ],
    "mixintos": {
        "game-graph": [
            "file(sawmillammyard.json)"
        ]
    }
}