{
  "tracks": {
    "nodes": {
      "NDW5SM_buai": {
        "position": {
          "x": 12694.3066,
          "y": 559.6,
          "z": 4749.26367
        },
        "rotation": {
          "x": -9.491964E-07,
          "y": 126.406487,
          "z": 4.13358475E-06
        },
        "flipSwitchStand": false
      },
      "NAN_Whittier_Yard_05": null,
      "NAN_Whittier_Yard_06": {
        "position": {
          "x": 12694.7461,
          "y": 559.6,
          "z": 4752.672
        },
        "rotation": {
          "x": 0.0,
          "y": 122.406456,
          "z": 0.0
        },
        "flipSwitchStand": false
      },
      "NAN_Whittier_Yard_07": {
        "position": {
          "x": 12724.6689,
          "y": 559.7999,
          "z": 4729.047
        },
        "rotation": {
          "x": 0.0,
          "y": 121.406494,
          "z": 0.0
        },
        "flipSwitchStand": false
      },
      "NCustom_m3wr": null,
      "NCustom_gwhs": {
        "position": {
          "x": 12707.0469,
          "y": 559.7999,
          "z": 4739.8623
        },
        "rotation": {
          "x": -2.035555E-13,
          "y": 126.432472,
          "z": 4.133153E-06
        },
        "flipSwitchStand": false
      },
      "N72a": {
        "position": {
          "x": 12777.7236,
          "y": 559.699951,
          "z": 4687.71045
        },
        "rotation": {
          "x": -9.49194657E-07,
          "y": 126.406487,
          "z": 4.13358475E-06
        },
        "flipSwitchStand": false
      }
    },
    "segments": {
      "SAN_Whittier_Yard_07": null,
      "SAN_Whittier_Yard_05": null,
      "SAN_Whittier_Yard_06": null,
      "SDW5SM_f242": {
        "style": "Standard",
        "trackClass": "Branch",
        "startId": "Nijv",
        "endId": "NDW5SM_buai",
        "priority": 0,
        "speedLimit": 0,
        "groupId": ""
      },
      "SCustom_wowq": null,
      "SCustom_w61m": null,
      "SCustom_o94u": null,
      "SCustom_2y0w": {
        "style": "Standard",
        "trackClass": "Branch",
        "startId": "NDW5SM_buai",
        "endId": "NCustom_gwhs",
        "priority": 0,
        "speedLimit": 0,
        "groupId": ""
      },
      "Sj6n": {
        "style": "Standard",
        "trackClass": "Branch",
        "startId": "NCustom_gwhs",
        "endId": "N72a",
        "priority": 0,
        "speedLimit": 0,
        "groupId": ""
      },
      "SAN_Whittier_Yard_L8_01": {
        "style": "Standard",
        "startId": "NAN_Whittier_Yard_T8_03",
        "endId": "NAN_Whittier_Yard_07",
        "priority": 0,
        "groupId": "AN_Whittier_Yard_Yard_Lead"
      },
      "SCustom_duf6": {
        "style": "Standard",
        "trackClass": "Branch",
        "startId": "NAN_Whittier_Yard_07",
        "endId": "NCustom_gwhs",
        "priority": 0,
        "speedLimit": 0,
        "groupId": "AN_Whittier_Yard_Yard_Lead"
      }
    },
    "spans": {}
  },
  "splineys": {}
}