{
    "manifestVersion": 5,
    "id": "DW5.SCLGovHumpYard",
    "name": "DWFiv3's Compatibility for SCL Gov Ilse Hump Yard",
    "version": "1.0.3",
    "requires": [
        {
            "id": "sclgovhump"
        },
        {
            "id": "DW5.DualTracksMod"
        }
    ],
    "loadAfter": [
        {
            "id": "sclgovhump"
        },
        {
            "id": "DW5.DualTracksMod"
        }
    ],
    "mixintos": {
        "game-graph": [
            "file(DW5SCLGovHumpYard.json)"          
        ]
    }
}


