{
  "tracks": {
    "nodes": {
      "NSCL_Gov_Hump_o847": null,
      "NSCL_Gov_Hump_nj9h": null,
      "NSCL_Gov_Hump_mc8w": null,
      "NSCL_Gov_Hump_6gs2": null,
      "NSCL_Gov_Hump_a70y": null,
      "NSCL_Gov_Hump_nyyi": null,
      "NCustom_fb9v": {
        "position": { "x": 8684.244, "y": 544.4477, "z": 6774.916 },
        "rotation": { "x": 359.567322, "y": 11.6182623, "z": 359.9057 },
        "flipSwitchStand": false
      },
      "NSCL_Gov_Hump_pja5": null,
      "NDualTraxSCLHump_ni8s": {
        "position": { "x": 8700.968, "y": 545.130554, "z": 6861.38428 },
        "rotation": { "x": 359.5372, "y": 356.594757, "z": 359.9633 },
        "flipSwitchStand": false
      },
      "NSCL_Gov_Hump_zvfj": null,
      "NDualTraxSCLHump_3rmm": null,
      "NDualTraxSCLHump_oxvp": null,
      "NSCL_Gov_Hump_w153": {
        "position": { "x": 8694.935, "y": 545.5118, "z": 6816.361 },
        "rotation": { "x": 0.000146621824, "y": 175.44696, "z": 1.67685769E-07 },
        "flipSwitchStand": false
      },
      "NSCL_Gov_Hump_0vuv": null,
      "NSCL_Gov_Hump_x8a3": {
        "position": { "x": 8700.001, "y": 545.5118, "z": 6761.3833 },
        "rotation": { "x": 359.900146, "y": 180.44696, "z": 1.676909E-07 },
        "flipSwitchStand": false
      },
      "NSCL_Gov_Hump_bav4": {
        "position": { "x": 8699.542, "y": 546.1652, "z": 6702.78271 },
        "rotation": { "x": 359.3001, "y": 180.44693, "z": 1.92822142E-07 },
        "flipSwitchStand": false
      },
      "NDualTraxSCLHump_vdrv": {
        "position": { "x": 8675.337, "y": 545.499756, "z": 6908.24561 },
        "rotation": { "x": 359.567322, "y": 348.618256, "z": 359.9057 },
        "flipSwitchStand": false
      },
      "NCustom_f2b4": {
        "position": { "x": 8682.727, "y": 545.2727, "z": 6879.01 },
        "rotation": { "x": 359.567322, "y": 344.618256, "z": 359.9057 },
        "flipSwitchStand": false
      }
    },
    "segments": {
      "SSCL_Gov_Hump_bqv6": null,
      "SSCL_Gov_Hump_37zr": null,
      "SSCL_Gov_Hump_tazi": null,
      "SSCL_Gov_Hump_jt6e": null,
      "SSCL_Gov_Hump_rhsv": null,
      "SSCL_Gov_Hump_uml7": null,
      "SSCL_Gov_Hump_3md7": null,
      "SSCL_Gov_Hump_uncy": null,
      "SSCL_Gov_Hump_11rn": null,
      "SSCL_Gov_Hump_x5o4": null,
      "SSCL_Gov_Hump_geez": null,
      "SSCL_Gov_Hump_7j0u": null,
      "SSCL_Gov_Hump_kal8": null,
      "SSCL_Gov_Hump_ega0": null,
      "SSCL_Gov_Hump_a3va": null,
      "SSCL_Gov_Hump_2vjo": null,
      "SSCL_Gov_Hump_79n2": null,
      "NSCL_Gov_Hump_0vuv": null,
      "SSCL_Gov_Hump_dd9d": null,
      "SDualTraxSCLHump_agwo": {
        "style": "Yard",
        "trackClass": "Branch",
        "startId": "NCustom_f2b4",
        "endId": "NSCL_Gov_Hump_w153",
        "priority": 0,
        "speedLimit": 15,
        "groupId": ""
      },
      "SSCL_Gov_Hump_bix4": {
        "style": "Yard",
        "trackClass": "Branch",
        "startId": "NSCL_Gov_Hump_w153",
        "endId": "NSCL_Gov_Hump_x8a3",
        "priority": 0,
        "speedLimit": 15,
        "groupId": ""
      },
      "SDualTraxSCLHump_5zsz": {
        "style": "Standard",
        "trackClass": "Branch",
        "startId": "DW5DualTrx_N_j6nw",
        "endId": "NDualTraxSCLHump_vdrv",
        "priority": 0,
        "speedLimit": 0,
        "groupId": ""
      },
      "SDualTraxSCLHump_nd5r": {
        "style": "Standard",
        "trackClass": "Branch",
        "startId": "NDualTraxSCLHump_vdrv",
        "endId": "DW5DualTrx_N_ejmp",
        "priority": 0,
        "speedLimit": 0,
        "groupId": ""
      },
      "DW5DualTrx_S_nykk": null,
      "SCustom_wtje": null,
      "SCustom_nz7f": null,
      "SCustom_9wis": {
        "style": "Standard",
        "trackClass": "Branch",
        "startId": "NDualTraxSCLHump_vdrv",
        "endId": "NCustom_f2b4",
        "priority": 0,
        "speedLimit": 0,
        "groupId": ""
      }
    },
    "spans": {}
  },
  "splineys": {}
}