{
    "manifestVersion": 5,
    "id": "DW5.MudgeDillsMine",
    "name": "DWFiv3's Compatibility for Mudge Henderson Gypsum Quarry",
    "version": "1.0.0",
    "requires": [
        {
            "id": "Ster.Mudge.DillsMine"
        },
        {
            "id": "DW5.DualTracksMod"
        }
    ],
    "loadAfter": [
        {
            "id": "Ster.Mudge.DillsMine"
        },
        {
            "id": "DW5.DualTracksMod"
        }
    ],
    "mixintos": {
        "game-graph": [
            "file(DW5MudgeDillsMine.json)"          
        ]
    }
}


