{
  "tracks": {
    "nodes": {
      "NDWFiv5BirdT_rcj7": {
        "position": { "x": 18783.9277, "y": 583.570435, "z": -224.004089 },
        "rotation": { "x": 0.403003961, "y": 310.891052, "z": 0.0151347518 },
        "flipSwitchStand": false
      },
      "NCowBakers_vhz2": {
        "position": { "x": 18701.627, "y": 583.570435, "z": -148.2982 },
        "rotation": { "x": 359.3898, "y": 133.799988, "z": 2.66819367E-08 },
        "flipSwitchStand": false
      }
    },
    "segments": {
      "DW5DualTrx_S_fyj0": null,
      "SDWFiv5BirdT_z9pr": {
        "style": "Standard",
        "trackClass": "Branch",
        "startId": "Ntq5",
        "endId": "NDWFiv5BirdT_rcj7",
        "priority": 0,
        "speedLimit": 0,
        "groupId": ""
      },
      "SDWFiv5BirdT_206a": {
        "style": "Standard",
        "trackClass": "Branch",
        "startId": "NDWFiv5BirdT_rcj7",
        "endId": "NCowBakers_vhz2",
        "priority": 0,
        "speedLimit": 0,
        "groupId": ""
      },
      "SDWFiv5BirdT_j3pv": {
        "style": "Standard",
        "trackClass": "Branch",
        "startId": "NDWFiv5BirdT_rcj7",
        "endId": "NBarkFT_59uy",
        "priority": 0,
        "speedLimit": 0,
        "groupId": ""
      }
    },
    "spans": {}
  },
  "splineys": {}
}