{
    "manifestVersion": 5,
    "id": "DW5.DTCompatBirdtown",
    "name": "DWFiv3's Dual Track Compatibility Mod for Birdtown",
    "version": "1.0.4",
    "updateUrl": "https://raw.githubusercontent.com/DWFiv3/Dual-Track-Compatibility/main/Update/update.json",
    "requires": [
        {
            "id": "Zamu.StrangeCustoms",
            "notBefore": "1.7.24194.2259"
        },
        {
            "id": "AlinaNova21.AlinasMapMod",
            "notBefore": "1.4.24193.2211"
        },
        {
            "id": "DW5.DualTracksMod",
            "notBefore": "202408.10.1505"
        }
    ],
    "loadAfter": [
        {
            "id": "JSALAAMI.GOLDMINE",
            "notBefore": "1.0"
        },
        {
            "id": "REX.birdtownbranchline"
        }
    ],
    "mixintos": {
        "game-graph": [
            "file(DW5Birdtown.json)"           
        ]
    }
}


