{
    "manifestVersion": 5,
    "id": "DW5.DualTracksMod",
    "name": "DWFiv3's Dual Tracks",
    "version": "202408.17.1146",
    "updateUrl": "https://raw.githubusercontent.com/DWFiv3/DWFiv3DualTracks/main/update/update.json",
    "requires": [
        {
            "id": "Zamu.StrangeCustoms",
            "notBefore": "1.7.24194.2259"
        },
        {
            "id": "AlinaNova21.AlinasMapMod",
            "notBefore": "1.4.24193.2211"
        }
    ],
    "mixintos": {
        "game-graph": [
            "file(DW5DualTracks.json)",
            "file(DW5Splineys.json)",
            "file(DW5Spans.json)"
        ]
    }
}