{
    "manifestVersion": 5,
    "id": "DWFiv3.MudgeDillsMine",
    "name": "DWFiv3's Dual Track Compatibility Mod for Mudge Henderson Gypsum Quarry",
    "version": "1.0.5",
    "requires": [
        {
            "id": "Ster.Mudge.DillsMine"
        },
        {
            "id": "DWFiv3.DualTracks"
        }
    ],
    "loadAfter": [
        {
            "id": "Ster.Mudge.DillsMine"
        },
        {
            "id": "DWFiv3.DualTracks"
        }
    ],
    "mixintos": {
        "game-graph": [
            "file(DW5MudgeDillsMine.json)"          
        ]
    }
}


