{
  "tracks": {
    "nodes": {
      "NDW5MQMC_bjci": {
        "position": { "x": 21082.1348, "y": 601.891541, "z": -1430.18237 },
        "rotation": { "x": 359.895264, "y": 316.825, "z": -0.00158863526 },
        "flipSwitchStand": true
      },
      "NDW5MQMC_fplv": {
        "position": { "x": 21109.63, "y": 601.8234, "z": -1463.78088 },
        "rotation": { "x": 359.895264, "y": 316.825, "z": -0.00158863526 },
        "flipSwitchStand": false
      },
      "NMEURDQ_aeac": null,
      "NDW5MQMC_89pc": {
        "position": { "x": 21104.625, "y": 601.8256, "z": -1458.41882 },
        "rotation": { "x": 359.895264, "y": 316.825, "z": -0.00158863526 },
        "flipSwitchStand": false
      }
    },
    "segments": {
      "SDW5MQMC_lyuo": {
        "style": "Standard",
        "trackClass": "Branch",
        "startId": "DW5_duptraxN_myuu",
        "endId": "NDW5MQMC_bjci",
        "priority": 0,
        "speedLimit": 0,
        "groupId": ""
      },
      "SDW5MQMC_rygt": {
        "style": "Standard",
        "trackClass": "Branch",
        "startId": "NDW5MQMC_bjci",
        "endId": "DW5DualTrx_N_1y28",
        "priority": 0,
        "speedLimit": 0,
        "groupId": ""
      },
      "SDW5MQMC_rba4": null,
      "SDW5MQMC_pnun": {
        "style": "Standard",
        "trackClass": "Branch",
        "startId": "NMEURDQ_1a0x",
        "endId": "NDW5MQMC_fplv",
        "priority": 0,
        "speedLimit": 0,
        "groupId": ""
      },
      "SDW5MQMC_h1oc": {
        "style": "Standard",
        "trackClass": "Branch",
        "startId": "NDW5MQMC_bjci",
        "endId": "NDW5MQMC_89pc",
        "priority": -1,
        "speedLimit": 0,
        "groupId": ""
      },
      "SDW5MQMC_7n3x": {
        "style": "Standard",
        "trackClass": "Branch",
        "startId": "NDW5MQMC_fplv",
        "endId": "NDW5MQMC_89pc",
        "priority": 0,
        "speedLimit": 0,
        "groupId": ""
      },
      "DW5DualTrx_S_90oz": null,
      "SMEURDQ_e6iv": null,
      "SMEURDQ_4347": null
    },
    "spans": {}
  },
  "splineys": {}
}