{
    "manifestVersion": 5,
    "id": "DWFiv3.DTBarkersTown",
    "name": "DWFiv3's Dual Track Compatibility Mod for BarkersTown",
    "version": "1.0.5",
    "requires": [
        {
            "id": "DWFiv3.DualTracks"
        },
        {
            "id": "Barkerstown"
        }
    ],
    "loadAfter": [
        {
            "id": "DWFiv3.DualTracks"
        },
        {
            "id": "Barkerstown"
        }
    ],
    "mixintos": {
        "game-graph": [
            "file(DW5BarkersTown.json)"             
        ]
    }
}


