{
    "manifestVersion": 5,
    "id": "DWFiv3.SCLGovHumpYard",
    "name": "DWFiv3's Dual Track Compatibility Mod for SCL Gov Ilse Hump Yard",
    "version": "1.0.5",
    "requires": [
        {
            "id": "sclgovhump"
        },
        {
            "id": "DWFiv3.DualTracks"
        }
    ],
    "loadAfter": [
        {
            "id": "sclgovhump"
        },
        {
            "id": "DWFiv3.DualTracks"
        }
    ],
    "mixintos": {
        "game-graph": [
            "file(DW5SCLGovHumpYard.json)"          
        ]
    }
}


