{
    "manifestVersion": 5,
    "id": "DWFiv3.DTThomasValleyCabbage",
    "name": "DWFiv3's Dual Track Compatibility Mod for Thomas Valley Cabbage",
    "version": "1.0.5",
    "requires": [
        {
            "id": "DWFiv3.DualTracks"
        },
        {
            "id": "REX.ThomasValley"
        }
    ],
    "loadAfter": [
        {
            "id": "DWFiv3.DualTracks"
        },
        {
            "id": "REX.ThomasValley"
        }
    ],
    "mixintos": {
        "game-graph": [
            "file(DW5CabbageTown.json)"               
        ]
    }
}


