{
  "mapFeatures": {
    "DWFiv3DualTracksBysonLoop": {
      "displayName": "DWFiv3's Byson Loop for Dual Tracks",
      "name": "DWFiv3DualTracksBysonLoop",
      "description": "A looping track section for Passenger trains to loop back towards Ela.",
      "prerequisites": {
        "s2": true
      },
      "defaultEnableInSandbox": false,
      "trackGroupsAvailableOnUnlock": {
        "DTBrysonLoop": true
      },
      "trackGroupsEnableOnUnlock": {
        "DTBrysonLoop": true
      }
    }
  },
  "progressions": {
    "ewh": {
      "sections": {
        "DWFiv3DualTracksSection": {
          "displayName": "DWFiv3's Byson Loop for Dual Tracks",
          "description": "A looping track section for Passenger trains to loop back towards Ela.",
          "prerequisiteSections": {
            "s2": true
          },
          "deliveryPhases": [
            {
              "cost": 1
            }
          ],
          "disableFeaturesOnUnlock": {
            "someFeatureToDisable": true
          },
          "enableFeaturesOnUnlock": {
            "DWFiv3DualTracksBysonLoop": true
          },
          "enableFeaturesOnAvailable": {
            "DWFiv3DualTracksBysonLoop": true
          }
        }
      }
    }
  }   
}
