{
    "manifestVersion": 5,
    "id": "DWFiv3.DTFoxy_s_Dillsboro_Rework",
    "name": "BTDWFiv3's Dual Track Compatibility Mod for Foxy_s Dillsboro Rework",
    "version": "1.0.0",
    "requires": [
        {
            "id": "DWFiv3.DualTracks"
        },
        {
            "id": "CF.DillsboroRework"
        }
    ],
    "conflictsWith": [
        {
            "id": "DWFiv3.MudgeDillsMine"
        }
    ],
    "loadAfter": [
        {
            "id": "DWFiv3.DualTracks"
        },
        {
            "id": "CF.DillsboroRework"
        }
    ],
    "mixintos": {
        "game-graph": [
            "file(DW5Dillsboro_Rework.json)"             
        ]
    }
}