{
  "tracks": {
    "nodes": {
      "NCFDBTjupv": null,
      "DW5DualTrx_N_0tbp": {
        "position": { "x": 22104.0645, "y": 603.2, "z": -1531.39417 },
        "rotation": { "x": 0.0, "y": 66.40951, "z": 0.0 },
        "flipSwitchStand": false
      },
      "DW5DualTrx_N_03ta": null,
      "DW5_duptraxN_myuu": {
        "position": { "x": 21152.3535, "y": 601.7102, "z": -1502.207 },
        "rotation": { "x": 0.0, "y": 135.022049, "z": 0.0 },
        "flipSwitchStand": false
      },
      "DW5DualTrx_N_aimh": null,
      "DW5DualTrx_N_8uqe": null,
      "DW5_duptraxN_gwdc": null,
      "DW5DualTrx_N_3714": null,
      "DW5_duptraxN_5elp": null,
      "DW5_duptraxN_gjwo": null,
      "NCustom_b4a0": {
        "position": { "x": 22178.7422, "y": 603.2, "z": -1504.96948 },
        "rotation": { "x": 0.0, "y": 66.43705, "z": 0.0 },
        "flipSwitchStand": false
      },
      "NCFDBTtz52": null,
      "DW5DualTrx_N_o3e0": {
        "position": { "x": 21854.8965, "y": 601.742249, "z": -1662.43542 },
        "rotation": { "x": 0.2641491, "y": 246.328735, "z": 0.007645197 },
        "flipSwitchStand": false
      },
      "Ndig": {
        "position": { "x": 21785.44, "y": 601.5, "z": -1684.83716 },
        "rotation": { "x": 0.0, "y": 71.7442856, "z": 0.0 },
        "flipSwitchStand": false
      },
      "DW5DualTrx_N_pw8l": {
        "position": { "x": 21733.4258, "y": 601.5, "z": -1707.32251 },
        "rotation": { "x": 0.0, "y": 71.8658447, "z": 0.0 },
        "flipSwitchStand": true
      },
      "NMEURDQ_aeac": {
        "position": { "x": 21112.4648, "y": 601.779541, "z": -1466.60071 },
        "rotation": { "x": 359.9601, "y": 142.957245, "z": 4.502323E-08 },
        "flipSwitchStand": false
      },
      "Nfqs": {
        "position": { "x": 21077.7188, "y": 601.86145, "z": -1425.39258 },
        "rotation": { "x": 359.875549, "y": 316.519958, "z": -0.0017014948 },
        "flipSwitchStand": false
      },
      "DW5DualTrx_N_bu85": null
    },
    "segments": {
      "DW5DualTrx_S_biul": null,
      "DW5_duptraxS_n6ad": null,
      "SCFDBTsidq": null,
      "SCFDBTmvro": null,
      "SCFDBT0toy": null,
      "DW5DualTrx_S_g2nn": null,
      "DW5DualTrx_S_wlyi": null,
      "DW5DualTrx_S_vgvx": null,
      "DW5DualTrx_S_32b3": null,
      "DW5DualTrx_S_7272": null,
      "DW5DualTrx_S_1roq": null,
      "DW5DualTrx_S_3nr5": null,
      "DW5DualTrx_S_ja2r": null,
      "SDWFiveDTFox_1rk1": null,
      "SDWFiveDTFox_bhdh": null,
      "Sof9": null,
      "SDWFiveDTFox_ot21": null,
      "DW5DualTrx_S_mrkb": null,
      "Ss0r": null,
      "SDWFiveDTFox_styx": null,
      "DW5_duptraxS_s1uv": null,
      "DW5_duptraxS_4ln8": null,
      "DW5_duptraxS_2z1x": null,
      "DW5DualTrx_S_lvuc": null,
      "DW5DualTrx_S_u6do": null,
      "DW5DualTrx_S_py5n": null,
      "DW5DualTrx_S_2uwg": null,
      "DW5DualTrx_S_8dz2": null,
      "DW5DualTrx_S_xn56": null,
      "SCFDBT5a5w": null,
      "DW5DualTrx_S_hyp7": null,
      "SDWFiveDTFox_mapv": {
        "style": "Standard",
        "trackClass": "Mainline",
        "startId": "DW5_duptraxN_myuu",
        "endId": "Nxfb",
        "priority": 0,
        "speedLimit": 0,
        "groupId": "sy-db"
      },
      "SDWFiveDTFox_ndz5": null,
      "SCustom_g5g4": {
        "style": "Standard",
        "trackClass": "Mainline",
        "startId": "Njl4",
        "endId": "NCustom_b4a0",
        "priority": 0,
        "speedLimit": 0,
        "groupId": "sy-db"
      },
      "SCustom_b035": {
        "style": "Standard",
        "trackClass": "Mainline",
        "startId": "NCustom_b4a0",
        "endId": "DW5_duptraxN_avqm",
        "priority": 0,
        "speedLimit": 0,
        "groupId": "sy-db"
      },
      "SCustom_r4cc": {
        "style": "Standard",
        "trackClass": "Mainline",
        "startId": "NCustom_b4a0",
        "endId": "DW5DualTrx_N_0tbp",
        "priority": 0,
        "speedLimit": 0,
        "groupId": "sy-db"
      },
      "SCustom_mfzq": {
        "style": "Standard",
        "trackClass": "Mainline",
        "startId": "NCFDBThuwj",
        "endId": "DW5DualTrx_N_0tbp",
        "priority": 0,
        "speedLimit": 0,
        "groupId": "sy-db"
      },
      "SCustom_zpi5": {
        "style": "Standard",
        "trackClass": "Mainline",
        "startId": "Noie",
        "endId": "Njl4",
        "priority": 0,
        "speedLimit": 0,
        "groupId": "sy-db"
      },
      "DW5DualTrx_S_mfp1": null,
      "SCustom_mhww": {
        "style": "Standard",
        "trackClass": "Mainline",
        "startId": "Nmt7",
        "endId": "DW5DualTrx_N_o3e0",
        "priority": 0,
        "speedLimit": 0,
        "groupId": "db-yard"
      },
      "SCustom_jpzy": {
        "style": "Standard",
        "trackClass": "Mainline",
        "startId": "Ndig",
        "endId": "DW5DualTrx_N_pw8l",
        "priority": 0,
        "speedLimit": 0,
        "groupId": "db-yard"
      },
      "DW5DualTrx_S_90oz": null,
      "STHISONE_1n5e": {
        "style": "Standard",
        "trackClass": "Mainline",
        "startId": "DW5_duptraxN_myuu",
        "endId": "Nfqs",
        "priority": 0,
        "speedLimit": 0,
        "groupId": "sy-db"
      },
      "STHISONE_s4sw": {
        "style": "Standard",
        "trackClass": "Mainline",
        "startId": "Nfqs",
        "endId": "DW5DualTrx_N_1y28",
        "priority": 0,
        "speedLimit": 0,
        "groupId": "sy-db"
      },
      "Sh7y": {
        "style": "Standard",
        "trackClass": "Mainline",
        "startId": "Nfkz",
        "endId": "Nawf",
        "priority": 0,
        "speedLimit": 0,
        "groupId": "db-yard"
      },
      "Sj5j": {
        "style": "Standard",
        "trackClass": "Mainline",
        "startId": "Nho9",
        "endId": "Nlbz",
        "priority": 0,
        "speedLimit": 0,
        "groupId": "sy-db"
      },
      "S0lb": {
        "style": "Standard",
        "trackClass": "Branch",
        "startId": "Nmt7",
        "endId": "Noie",
        "priority": 0,
        "speedLimit": 0,
        "groupId": "sy-db"
      },
      "SCFDBTvmyw": {
        "style": "Standard",
        "trackClass": "Branch",
        "startId": "NCFDBThuwj",
        "endId": "NCFDBT1zch",
        "priority": 0,
        "speedLimit": 0,
        "groupId": "sy-db"
      },
      "SCFDBTxbya": {
        "style": "Standard",
        "trackClass": "Branch",
        "startId": "NCFDBT1zch",
        "endId": "N3rn",
        "priority": 0,
        "speedLimit": 0,
        "groupId": "sy-db"
      },
      "Scnh": {
        "style": "Standard",
        "trackClass": "Mainline",
        "startId": "Nho9",
        "endId": "N3rn",
        "priority": -1,
        "speedLimit": 0,
        "groupId": "db-yard"
      },
      "Sq1e": {
        "style": "Standard",
        "trackClass": "Mainline",
        "startId": "N3rn",
        "endId": "Nbsx",
        "priority": 0,
        "speedLimit": 0,
        "groupId": "sy-db"
      },
      "S4xs": {
        "style": "Standard",
        "trackClass": "Mainline",
        "startId": "Nbsx",
        "endId": "Nzvv",
        "priority": 0,
        "speedLimit": 0,
        "groupId": "sy-db"
      },
      "DW5DualTrx_S_lkcu": {
        "style": "Standard",
        "trackClass": "Branch",
        "startId": "N8k1",
        "endId": "Nzvv",
        "priority": 0,
        "speedLimit": 0,
        "groupId": "sy-db"
      },
      "SCFDBTx5i8": {
        "style": "Standard",
        "trackClass": "Branch",
        "startId": "NCFDBT2cbu",
        "endId": "N8k1",
        "priority": 0,
        "speedLimit": 0,
        "groupId": "sy-db"
      },
      "SCFDBT48bf": {
        "style": "Standard",
        "trackClass": "Branch",
        "startId": "NCFDBT2cbu",
        "endId": "NCFDBT4b22",
        "priority": 0,
        "speedLimit": 0,
        "groupId": "sy-db"
      },
      "SCFDBTe6ia": {
        "style": "Standard",
        "trackClass": "Branch",
        "startId": "NCFDBT4b22",
        "endId": "NCFDBTrpla",
        "priority": 0,
        "speedLimit": 0,
        "groupId": "sy-db"
      },
      "SCFDBT1ley": {
        "style": "Standard",
        "trackClass": "Branch",
        "startId": "NCFDBTrpla",
        "endId": "NCFDBTrcda",
        "priority": 0,
        "speedLimit": 0,
        "groupId": "sy-db"
      },
      "SCFDBT0frc": {
        "style": "Standard",
        "trackClass": "Branch",
        "startId": "Nxfb",
        "endId": "NCFDBTrcda",
        "priority": 0,
        "speedLimit": 0,
        "groupId": "db-yard"
      },
      "SCFDBTiq8z": {
        "style": "Standard",
        "trackClass": "Branch",
        "startId": "NCFDBTrcda",
        "endId": "NCFDBT5uyh",
        "priority": 0,
        "speedLimit": 0,
        "groupId": "sy-db"
      },
      "SCFDBTn6a1": {
        "style": "Standard",
        "trackClass": "Branch",
        "startId": "NCFDBT5uyh",
        "endId": "NCFDBTm796",
        "priority": 0,
        "speedLimit": 0,
        "groupId": "sy-db"
      },
      "SCFDBTet9l": {
        "style": "Standard",
        "trackClass": "Branch",
        "startId": "NCFDBTyme4",
        "endId": "NCFDBTm796",
        "priority": 0,
        "speedLimit": 0,
        "groupId": "sy-db"
      },
      "SMEURDQ_e6iv": {
        "style": "Standard",
        "trackClass": "Branch",
        "startId": "Nfqs",
        "endId": "NMEURDQ_aeac",
        "priority": 0,
        "speedLimit": 0,
        "groupId": "sy-db"
      },
      "SMEURDQ_4347": {
        "style": "Standard",
        "trackClass": "Branch",
        "startId": "NMEURDQ_aeac",
        "endId": "NMEURDQ_1a0x",
        "priority": 0,
        "speedLimit": 0,
        "groupId": "sy-db"
      },
      "DW5DualTrx_S_3m7d": {
        "style": "Standard",
        "trackClass": "Branch",
        "startId": "DW5DualTrx_N_o3e0",
        "endId": "Nniy",
        "priority": 0,
        "speedLimit": 0,
        "groupId": "db-yard"
      },
      "Sji6": {
        "style": "Standard",
        "trackClass": "Mainline",
        "startId": "N5ko",
        "endId": "Nniy",
        "priority": 0,
        "speedLimit": 0,
        "groupId": "db-yard"
      },
      "SCFDBTgvq7": {
        "style": "Standard",
        "trackClass": "Branch",
        "startId": "Ngre",
        "endId": "NCFDBT8k3m",
        "priority": 0,
        "speedLimit": 0,
        "groupId": "db-yard"
      },
      "SCFDBTv9xy": {
        "style": "Standard",
        "trackClass": "Branch",
        "startId": "N9gg",
        "endId": "NCFDBT2pxh",
        "priority": 0,
        "speedLimit": 0,
        "groupId": "db-yard"
      },
      "SCFDBT48ef": {
        "style": "Standard",
        "trackClass": "Branch",
        "startId": "Ng5e",
        "endId": "NCFDBTl32h",
        "priority": 0,
        "speedLimit": 0,
        "groupId": "db-yard"
      },
      "SCFDBTdhof": {
        "style": "Standard",
        "trackClass": "Branch",
        "startId": "Nuys",
        "endId": "NCFDBT4yoq",
        "priority": 0,
        "speedLimit": 0,
        "groupId": "db-yard"
      }
    },
    "spans": {}
  },
  "splineys": {}
}