{
    "manifestVersion": 5,
    "id": "DWFiv3.DTBirdtown",
    "name": "DWFiv3's Dual Track Compatibility Mod for Birdtown",
    "version": "1.0.5",
    "requires": [
        {
            "id": "DWFiv3.DualTracks"
        },
        {
            "id": "REX.birdtownbranchline"
        }
    ],
    "loadAfter": [
        {
            "id": "DWFiv3.DualTracks"
        },
        {
            "id": "JSALAAMI.GOLDMINE",
            "notBefore": "1.0"
        },
        {
            "id": "REX.birdtownbranchline"
        }
    ],
    "mixintos": {
        "game-graph": [
            "file(DW5Birdtown.json)"           
        ]
    }
}
