{
    "manifestVersion": 5,
    "id": "DWFiv3.DTLatomIndustriesFaO",
    "name": "DWFiv3's Dual Track Compatibility Mod for Latom's Industries [Farm & Oil]",
    "version": "1.0.5",
    "requires": [
        {
            "id": "DWFiv3.DualTracks"
        },
        {
            "id": "Latom.LatomIndustriesFaO"
        }
    ],
    "loadAfter": [
        {
            "id": "DWFiv3.DualTracks"
        },
        {
            "id": "Latom.LatomIndustriesFaO"
        }
    ],
    "mixintos": {
        "game-graph": [
            "file(LatomsIndustries.json)"            
        ]
    }
}


