{
  "tracks": {
    "nodes": {
      "NCustom_uc0l": {
        "position": { "x": 5354.51025, "y": 529.7, "z": 5728.537 },
        "rotation": { "x": 0.0, "y": 109.345825, "z": 0.0 },
        "flipSwitchStand": false
      },
      "NCustom_7i0v": {
        "position": { "x": 5346.36133, "y": 529.7, "z": 5734.334 },
        "rotation": { "x": 0.0, "y": 101.345818, "z": 0.0 },
        "flipSwitchStand": false
      },
      "Nnbiz": {
        "position": { "x": 5312.69971, "y": 529.7, "z": 5739.144 },
        "rotation": { "x": 0.0, "y": 96.34582, "z": 0.0 },
        "flipSwitchStand": true
      },
      "Ndnl5": {
        "position": { "x": 5304.37061, "y": 529.7, "z": 5741.456 },
        "rotation": { "x": 0.0, "y": 85.69621, "z": 0.0 },
        "flipSwitchStand": false
      },
      "7a3rv9": {
        "position": { "x": 5268.02, "y": 529.7, "z": 5738.4873 },
        "rotation": { "x": 0.0, "y": 84.89623, "z": 0.0 },
        "flipSwitchStand": true
      },
      "N9nry": {
        "position": { "x": 5157.5, "y": 529.219238, "z": 5704.7 },
        "rotation": { "x": 0.0, "y": 57.92031, "z": 0.0 },
        "flipSwitchStand": false
      },
      "NCustom_oqp7": {
        "position": { "x": 5382.88, "y": 529.840942, "z": 5719.18457 },
        "rotation": { "x": 0.00299055572, "y": 300.913116, "z": 3.000001 },
        "flipSwitchStand": false
      }
    },
    "segments": {},
    "spans": {}
  },
  "splineys": {}
}