{
  "tracks": {
    "nodes": {
      "NDW4DTC_isbn": {
        "position": { "x": 15175.9365, "y": 565.37, "z": 2913.25439 },
        "rotation": { "x": 0.2277107, "y": 338.324615, "z": 1.33403182E-08 },
        "flipSwitchStand": false
      },
      "NTVCie2a": {
        "position": { "x": 15169.4414, "y": 565.3661, "z": 2910.64868 },
        "rotation": { "x": 359.774536, "y": 160.800156, "z": 2.00104751E-08 },
        "flipSwitchStand": true
      },
      "N2cc": {
        "position": { "x": 15151.1592, "y": 565.11, "z": 3038.2854 },
        "rotation": { "x": 0.0, "y": 178.2044, "z": 0.0 },
        "flipSwitchStand": false
      },
      "DW5DualTrx_N_6aa5": {
        "position": { "x": 15225.6836, "y": 565.63, "z": 2828.07544 },
        "rotation": { "x": 0.0, "y": 138.285385, "z": 0.0 },
        "flipSwitchStand": false
      },
      "NDW4DTC_vdrn": {
        "position": { "x": 15159.6133, "y": 565.244141, "z": 2939.23657 },
        "rotation": { "x": 359.835632, "y": 162.779861, "z": 359.9902 },
        "flipSwitchStand": false
      },
      "NCustom_elra": {
        "position": { "x": 15794.5771, "y": 567.3, "z": 2294.93848 },
        "rotation": { "x": 0.0, "y": 107.486954, "z": 0.0 },
        "flipSwitchStand": true
      },
      "Nwrb": {
        "position": { "x": 15791.29, "y": 567.3, "z": 2295.959 },
        "rotation": { "x": 0.0, "y": 287.016418, "z": 0.0 },
        "flipSwitchStand": false
      }
    },
    "segments": {
      "DW5DualTrx_S_k5a0": null,
      "STVCx8p5": null,
      "DW5DualTrx_S_uc0k": null,
      "DW5DTraxS_y27k": null,
      "STVCp341": {
        "style": "Standard",
        "trackClass": "Branch",
        "startId": "NTVCie2a",
        "endId": "Nd8q",
        "priority": 1,
        "speedLimit": 0,
        "groupId": ""
      },
      "SDW4DTC_9gkd": {
        "style": "Standard",
        "trackClass": "Branch",
        "startId": "DW5DualTrx_N_6aa5",
        "endId": "NDW4DTC_isbn",
        "priority": 0,
        "speedLimit": 0,
        "groupId": ""
      },
      "SDW4DTC_xbyl": {
        "style": "Standard",
        "trackClass": "Branch",
        "startId": "NDW4DTC_isbn",
        "endId": "N2cc",
        "priority": 0,
        "speedLimit": 0,
        "groupId": ""
      },
      "SDW4DTC_h8lx": {
        "style": "Standard",
        "trackClass": "Branch",
        "startId": "NTomVWittier_imov",
        "endId": "NDW4DTC_vdrn",
        "priority": 0,
        "speedLimit": 0,
        "groupId": ""
      },
      "SDW4DTC_ax9d": {
        "style": "Standard",
        "trackClass": "Branch",
        "startId": "NDW4DTC_vdrn",
        "endId": "NTVCie2a",
        "priority": 0,
        "speedLimit": 0,
        "groupId": ""
      },
      "SDW4DTC_hf8q": {
        "style": "Standard",
        "trackClass": "Branch",
        "startId": "NDW4DTC_vdrn",
        "endId": "N2cc",
        "priority": 0,
        "speedLimit": 0,
        "groupId": ""
      },
      "Soe2": null,
      "SCustom_wg4m": {
        "style": "Standard",
        "trackClass": "Branch",
        "startId": "Nwrb",
        "endId": "NCustom_elra",
        "priority": 0,
        "speedLimit": 0,
        "groupId": ""
      },
      "SCustom_3u0v": {
        "style": "Standard",
        "trackClass": "Branch",
        "startId": "NCustom_elra",
        "endId": "Nfif",
        "priority": 0,
        "speedLimit": 0,
        "groupId": ""
      },
      "DW5DualTrx_S_0i7b": {
        "style": "Standard",
        "trackClass": "Branch",
        "startId": "NWilmontTomV_nbu2",
        "endId": "NCustom_elra",
        "priority": 0,
        "speedLimit": 20,
        "groupId": ""
      }
    },
    "spans": {}
  },
  "splineys": {}
}