{
    "manifestVersion": 5,
    "id": "DWFiv3.DualTracks",
    "name": "DWFiv3's Dual Tracks",
    "version": "202410.13.1414",
    "updateUrl": "https://raw.githubusercontent.com/DWFiv3/DWFiv3DualTracks/main/update/update.json",
    "conflictsWith": [
        "DW5.DualTracksMod",
        "DW5.DualTracks"
    ],
    "requires": [
        {
            "id": "railloader",
            "notBefore": "1.8.2.1"
          },
        {
            "id": "Zamu.StrangeCustoms",
            "notBefore": "1.7.24194.2259"
        },
        {
            "id": "AlinaNova21.AlinasMapMod",
            "notBefore": "1.4.24193.2211"
        }
    ],
    "loadAfter": [
        {
            "id": "DW5DWFiv3.WhittierSawMill"
        }
    ],
    "mixintos": {
        "game-graph": [
            "file(DW5DualTracks.json)",
            "file(DW5Splineys.json)",
            "file(DW5Spans.json)"
        ],
    "progressions": "file(progressions.json)"
    }
}