{
    "manifestVersion": 5,
    "id": "DW5.DTBarkersTown",
    "name": "DWFiv3's Dual Track Compatibility Mod for BarkersTown",
    "version": "1.0.4",
    "requires": [
        {
            "id": "Zamu.StrangeCustoms",
            "notBefore": "1.7.24194.2259"
        },
        {
            "id": "AlinaNova21.AlinasMapMod",
            "notBefore": "1.4.24193.2211"
        },
        {
            "id": "DW5.DualTracksMod",
            "notBefore": "202408.10.1505"
        }
    ],
    "loadAfter": [
        {
            "id": "Barkerstown"
        }
    ],
    "mixintos": {
        "game-graph": [
            "file(DW5BarkersTown.json)"             
        ]
    }
}


